{
  "K1": [
    [
      565.8289691845911,
      0.0,
      422.54067593659954
    ],
    [
      0.0,
      566.9211495124478,
      319.41221709670157
    ],
    [
      0.0,
      0.0,
      1.0
    ]
  ],
  "D1": [
    [
      0.05769812584368024,
      -0.07060483946726673,
      0.009225274719265365,
      0.014146255478470034,
      0.10007196660735014
    ]
  ],
  "K2": [
    [
      566.6312911052104,
      0.0,
      406.70489654086595
    ],
    [
      0.0,
      566.8757540483708,
      313.92904201057974
    ],
    [
      0.0,
      0.0,
      1.0
    ]
  ],
  "D2": [
    [
      0.039405505528623985,
      0.08443385004233533,
      0.008167658302949398,
      0.005106564504552461,
      -0.23329459784100484
    ]
  ],
  "R": [
    [
      0.9995441331628863,
      -0.0038163292009661515,
      0.02994931536920664
    ],
    [
      0.003767108602867718,
      0.9999914598940646,
      0.001699715185441938
    ],
    [
      -0.02995554627157622,
      -0.0015861180180790284,
      0.9995499734766663
    ]
  ],
  "T": [
    [
      -0.06508465699959877
    ],
    [
      -3.0246409566125675e-05
    ],
    [
      -7.343880436007309e-05
    ]
  ],
  "E": [
    [
      1.1826996729962738e-06,
      7.348615156009911e-05,
      -3.010797282861379e-05
    ],
    [
      -0.002023051780365756,
      -0.00010295168051399358,
      0.06505316773577476
    ],
    [
      -0.00021494835006682044,
      -0.06508421659998927,
      -0.00010971952058261586
    ]
  ],
  "F": [
    [
      -3.0186268111725495e-08,
      -1.8719876189964256e-06,
      0.0010455027631267734
    ],
    [
      5.161246708625205e-05,
      2.621462079617077e-06,
      -0.9617227890792575
    ],
    [
      -0.01308174126323334,
      0.9393884644139946,
      1.0
    ]
  ],
  "R1": [
    [
      0.9995113390275665,
      -0.003353396268001521,
      0.031077932505084525
    ],
    [
      0.0033279997629532664,
      0.9999940847167897,
      0.0008688780167604884
    ],
    [
      -0.031080662362610922,
      -0.0007650260779738925,
      0.9995165867369091
    ]
  ],
  "R2": [
    [
      0.9999992554205023,
      0.00046472376808285237,
      0.001128357328208712
    ],
    [
      -0.00046380168632875003,
      0.9999995584430682,
      -0.0008173136880250179
    ],
    [
      -0.001128736655071523,
      0.0008167897454383988,
      0.9999990294035666
    ]
  ],
  "P1": [
    [
      634.4368923293056,
      0.0,
      435.4865379333496,
      0.0
    ],
    [
      0.0,
      634.4368923293056,
      345.4159049987793,
      0.0
    ],
    [
      0.0,
      0.0,
      1.0,
      0.0
    ]
  ],
  "P2": [
    [
      634.4368923293056,
      0.0,
      435.4865379333496,
      -41.29213827042379
    ],
    [
      0.0,
      634.4368923293056,
      345.4159049987793,
      0.0
    ],
    [
      0.0,
      0.0,
      1.0,
      0.0
    ]
  ],
  "Q": [
    [
      1.0,
      0.0,
      0.0,
      -435.4865379333496
    ],
    [
      0.0,
      1.0,
      0.0,
      -345.4159049987793
    ],
    [
      0.0,
      0.0,
      0.0,
      634.4368923293056
    ],
    [
      0.0,
      0.0,
      15.36459284753805,
      -0.0
    ]
  ],
  "image_size": [
    320,
    240
  ],
  "baseline": 0.06508470546033607
}